{"stats":{"minecraft:picked_up":{"minecraft:stick":2,"minecraft:torch":4,"minecraft:wooden_pickaxe":1,"minecraft:wheat_seeds":2,"minecraft:oak_log":11,"minecraft:oak_planks":33,"minecraft:coal":14,"minecraft:dirt":23,"minecraft:cobblestone":16},"minecraft:used":{"minecraft:torch":4,"minecraft:dirt":5,"minecraft:crafting_table":1,"minecraft:wooden_pickaxe":31},"minecraft:crafted":{"minecraft:oak_planks":44,"minecraft:torch":8,"minecraft:crafting_table":1,"minecraft:stick":8,"minecraft:stone_pickaxe":1,"minecraft:wooden_pickaxe":1},"minecraft:killed_by":{"minecraft:zombie":1},"minecraft:custom":{"minecraft:time_since_rest":483,"minecraft:deaths":1,"minecraft:crouch_one_cm":276,"minecraft:play_time":19228,"minecraft:sprint_one_cm":20358,"minecraft:damage_taken":275,"minecraft:walk_one_cm":10190,"minecraft:sneak_time":170,"minecraft:jump":186,"minecraft:damage_dealt":28,"minecraft:leave_game":3,"minecraft:time_since_death":443,"minecraft:total_world_time":19228,"minecraft:interact_with_crafting_table":2,"minecraft:fall_one_cm":2122,"minecraft:fly_one_cm":22376},"minecraft:mined":{"minecraft:grass":19,"minecraft:coal_ore":8,"minecraft:grass_block":4,"minecraft:oak_log":11,"minecraft:dirt":3,"minecraft:tall_grass":6,"minecraft:stone":16,"minecraft:oak_leaves":2}},"DataVersion":3465}