{"stats":{"minecraft:picked_up":{"minecraft:stick":4,"minecraft:rotten_flesh":2,"minecraft:wheat_seeds":4,"minecraft:torch":8,"minecraft:wooden_pickaxe":2,"minecraft:stone_pickaxe":1,"minecraft:oak_log":11,"minecraft:oak_planks":66,"minecraft:coal":20,"minecraft:dirt":44,"minecraft:cobblestone":29},"minecraft:used":{"minecraft:torch":4,"minecraft:dirt":11,"minecraft:crafting_table":1,"minecraft:wooden_pickaxe":48},"minecraft:crafted":{"minecraft:oak_planks":44,"minecraft:torch":8,"minecraft:crafting_table":1,"minecraft:stick":8,"minecraft:wooden_pickaxe":1,"minecraft:stone_pickaxe":1},"minecraft:killed_by":{"minecraft:zombie":2},"minecraft:custom":{"minecraft:time_since_rest":4593,"minecraft:damage_taken":475,"minecraft:play_time":24336,"minecraft:crouch_one_cm":329,"minecraft:sprint_one_cm":27838,"minecraft:walk_one_cm":15072,"minecraft:deaths":2,"minecraft:sneak_time":186,"minecraft:jump":250,"minecraft:damage_dealt":125,"minecraft:leave_game":5,"minecraft:time_since_death":4331,"minecraft:total_world_time":24336,"minecraft:interact_with_crafting_table":2,"minecraft:fly_one_cm":27136,"minecraft:fall_one_cm":2391},"minecraft:mined":{"minecraft:grass":25,"minecraft:grass_block":7,"minecraft:oak_log":11,"minecraft:coal_ore":8,"minecraft:dirt":3,"minecraft:tall_grass":16,"minecraft:stone":16,"minecraft:oak_leaves":2}},"DataVersion":3465}