{"stats":{"minecraft:picked_up":{"minecraft:oak_log":9,"minecraft:wheat_seeds":2},"minecraft:custom":{"minecraft:jump":57,"minecraft:time_since_rest":3991,"minecraft:sprint_one_cm":9224,"minecraft:leave_game":2,"minecraft:play_time":3991,"minecraft:time_since_death":3991,"minecraft:walk_one_cm":1768,"minecraft:sneak_time":8,"minecraft:total_world_time":3991,"minecraft:fall_one_cm":209,"minecraft:fly_one_cm":7294},"minecraft:mined":{"minecraft:tall_grass":6,"minecraft:grass":15,"minecraft:oak_log":10,"minecraft:oak_leaves":2}},"DataVersion":3465}